0060c7b4-0e2e-4d32-9f84-b9ea28c61f25|2022|8|1
01bb8025-36c4-45f4-bddd-545522e894a6|2022|8|5
04bd1cac-6ee2-4d60-8c48-19d15644f55c|2022|8|1
05af6119-8517-4450-8830-8fd615263e0e|2022|8|1
05e622e7-bc2a-47f5-a61e-cd34dcf32bc5|2022|8|7
061d92b7-637d-4e58-b261-4e9239c626ce|2022|8|1
0822fc68-3746-41b3-b38e-81fb47b4c35b|2022|8|11
0eae9fd2-a44c-41e0-b8ec-9db21226fc23|2022|8|1
0fc5322e-ff25-4bda-9479-e0337f90a953|2022|8|1
1022f75e-2755-428c-ba0e-ac7643f2afa0|2022|8|3
108e9b1e-a6ca-4fff-b44f-3948735c5827|2022|8|3
14ad0e32-7b64-43bb-abd1-108c2c42c819|2022|8|1
16df76b0-e3b9-41e3-b1b8-da828972ac0f|2022|8|98710
19ded65a-5eaa-4af6-8364-4388239475b3|2022|8|13
1b7d82bd-99fe-4b29-ba2c-689ddcd34170|2022|8|1
1d4d49c5-667c-45c0-9898-a0701eb37863|2022|8|8474
1e8a55c7-8a05-4213-9102-1d47f0cdb767|2022|8|1
1eb31095-44bb-4e4a-911a-6bbb872067fb|2022|8|4
20681207-3f1c-45cd-9efb-0640afb2ecc5|2022|8|227
22caebf9-deed-4580-8dac-e5b0b28b40de|2022|8|1
27383a72-2769-4d5f-acd4-382256c9d69a|2022|8|1
2d1a456e-f4bd-4e3d-b5c8-7658048db058|2022|8|954
2deb77d7-e8d8-4d21-a97f-c3a8557299b1|2022|8|33105
30a03081-f5b2-4595-85b4-a8bc97cfecdf|2022|8|110
311060a1-b7e6-46cd-b540-4f368dd8f5d3|2022|8|5
31925595-0d53-445d-a40a-538b1615a2b8|2022|8|18
34b45747-54b7-470e-95e2-5e84baf52792|2022|8|4550
3546817f-2b0f-4063-be56-6598040e3ab3|2022|8|41
35ada1b0-c6ca-4593-9e0f-ad7f11b9c91a|2022|8|8
369914e5-4389-40e6-a49f-30f1d109a326|2022|8|2194
37693ce8-38b5-4c5f-8321-d9ad9fff106a|2022|8|51
38fbf7a6-d0dd-4308-88b7-32611f836098|2022|8|60
3a293269-27d1-4195-8a6d-03c72819a451|2022|8|2
3c586411-d599-4551-bb2b-8e3bc6b6387d|2022|8|5
3c5e3960-91e9-4d3a-8cdf-1486c505e3e2|2022|8|2
3d4dad32-3f6a-40b7-90d5-766c451f96d2|2022|8|5
3db18d0a-74ca-4064-b87d-4b4f41361fe0|2022|8|2
42f5de76-2df3-4ff0-a931-70e7372f82bc|2022|8|15
43bb1947-f4d4-412b-a380-f01adcecf20a|2022|8|138
4813429c-1ed9-480e-a91c-698a8b242328|2022|8|15
4874bc01-647c-4478-a44d-0e9aadc22e8a|2022|8|1
4cc25300-e2d2-4a68-a8a8-dc00d9b2718a|2022|8|3
4d109817-4f9e-41de-891d-3497bdf475f1|2022|8|56
50eb81f7-12bf-4087-b3f5-b752026a6cb7|2022|8|4290
56412eff-c32e-4120-96ae-502a7e6f9563|2022|8|2
56b846df-75ba-4bb0-8584-6c685a59acd6|2022|8|793
58b4465e-e2b0-4e33-92e7-6996263550bc|2022|8|123
5c58083c-7cdf-4f20-92d2-8b23d1f5dec0|2022|8|1
63b5b34e-7e83-4a37-a236-881aeffaf148|2022|8|23
63efc974-5f45-48f9-8ac3-a693daaf300f|2022|8|623
6528aa3f-e66e-479b-a339-fd0bd83eb75f|2022|8|277
6588a482-19d5-4c97-881c-731818b3c672|2022|8|6
65dd9eb7-959a-478e-85cf-6b55496a1794|2022|8|29
6aa363ca-3ee9-4ede-b179-4a6ac10d40df|2022|8|1
6f486c8e-583d-443f-b98c-570753098d14|2022|8|62
72d333b3-0f0f-4095-b853-3899c12f5afc|2022|8|102
7637d5ea-f25a-4c7e-8155-f9a5eba0ca90|2022|8|1
7715fd92-3902-4ee8-a8ec-ed80209aa9b9|2022|8|1
7db5587d-3f45-49cd-bff7-cf826f09fa78|2022|8|1
7faae2c5-ec64-44ed-abbc-efa1272fc644|2022|8|1
862a45bc-dc34-4cff-9bf6-801b67068e0b|2022|8|3
873588ad-5643-4c1b-8aff-b38245b1387e|2022|8|622
88df9a1a-7d09-44fd-8517-a580b9906199|2022|8|44
8a409edb-111c-445d-886c-9d0546bf2bdd|2022|8|2
8b2b2227-a79f-45f5-88c4-d0d6ee87c2ea|2022|8|1
8cca711c-7770-4f61-a904-4fa9ce63a230|2022|8|12
93b56bc5-c98e-470d-ae66-46e98799064f|2022|8|1
96843aa5-963d-4ead-b8a9-5ce0735d6feb|2022|8|1
9e9d06f7-37c1-4986-a48a-809c9dd40cb1|2022|8|18
a0021d25-7e02-40d7-aff7-042b560b757c|2022|8|14
a1b50583-4358-4532-94bd-3aa21862eaab|2022|8|5731
a7e10c60-b035-42f1-b7c6-2c781e7dc1bf|2022|8|605
aa2481cc-d8db-4a2d-80f6-af0367a62a2c|2022|8|13
b0f24298-b5b4-43c9-855f-480705a0c83b|2022|8|1
b23d2890-7287-467a-8ada-4d02ca839f88|2022|8|9
b8f61b7a-9925-4b65-88f9-efc109ddd05f|2022|8|2
b92b9dee-d329-4ff5-9c01-4faa7d3be8c2|2022|8|5014
bab6d9b5-7259-44b9-8bf3-75f789d3a12d|2022|8|3
bb257787-10a2-4202-9e7c-9f0eaa0ac6e4|2022|8|1
be81f581-2f8d-4971-b86e-abff325268c9|2022|8|15
c0c956b3-a212-4976-a1fd-367fbcd3e754|2022|8|136
c162dcb8-130f-416a-9d3f-7cf7702bb866|2022|8|175
cb5065d6-c4ea-4a51-a2e0-7886932bbfa1|2022|8|2
ce487b18-6bfb-4e0b-ad6e-d0591f9acccf|2022|8|43
d0e8aaec-0d80-4ee3-adce-fef2ba493ad1|2022|8|43
d2702b04-03fb-4c9a-a18d-cce1de8f6b49|2022|8|28
d6658b53-8dda-4458-91d7-ba9eafcdfb6e|2022|8|105
d88e635f-dadc-4522-8de2-dd7bdd38a0ad|2022|8|23
d8d105fe-e5c5-4d6b-925a-661f6fee449a|2022|8|567
d8df2651-ad67-4657-8722-1065097db616|2022|8|1719
dd73668c-9620-4610-993c-dae7a697f81f|2022|8|11
e067037e-a60d-46b5-9f1e-c66d153f57ee|2022|8|899
e213dafc-9b3b-4efe-b2aa-026e8dec7c65|2022|8|168
e338cad9-a715-4429-91b5-6cf0438a913b|2022|8|2
e78f9ce7-1e6f-46ef-a0c6-093eb0b939a7|2022|8|114
e8f38b2f-2950-43de-8b1a-bd600620c7a2|2022|8|623
f01a8a98-2fe5-4cf0-9eaf-f151ad8a68be|2022|8|20
f04153c6-6b93-44d0-8882-b5171c9f61e4|2022|8|576
f0c39d4b-4266-4d6f-a366-6cfafc002a44|2022|8|1
f3ebd345-161e-4279-8615-c4a99fee8a99|2022|8|147
f5a2eb39-3ee4-451b-b790-5b6480b26f33|2022|8|1
f84789ae-7eae-4002-ad1a-fb7b376f4075|2022|8|5287
ff488c2f-6cab-4ac0-8863-9cfd9c61f1bd|2022|8|1
